chr	type	mean_intrachrom_pairwise_ld	sem_intrachrom_pairwise_ld
I	all	0.0194052018175217	0.00664179813241887
II	all	0.00607733900817979	0.00794134254227708
III	all	0.053848596545355	0.00457428892862633
IV	all	-0.00718233938875927	0.00810547055767338
V	all	0.0774936424362333	0.00344877438204902
X	all	0.0374828714783247	0.00499225318731082
