chr	type	mean_intrachrom_pairwise_ld	sem_intrachrom_pairwise_ld
I	riail	0.0620824084436299	0.00448868555138501
II	riail	0.0470946077372729	0.00583734602197848
III	riail	0.0567581118710747	0.00383738922811076
IV	riail	0.00476370533269987	0.00704726685174087
V	riail	0.0473656252503529	0.00326117458977666
X	riail	0.061363556908245	0.00263026270601328
