chr1	chr2	mean_ic_ld	sd_ic_ld	sem_ic_ld	type
I	II	0.000944462531723623	0.0191186308048946	0.000838407423280162	ril
I	III	-0.00165977828287945	0.0173334185213532	0.000566560508190068	ril
I	IV	-0.000337848287285557	0.0285660768103461	0.00125270533733273	ril
I	V	0.00137763382788975	0.0222085995266574	0.000736207905519116	ril
I	X	0.000724872291974457	0.0202833100566665	0.00070319725428313	ril
II	III	0.00393340900189989	0.0181927836154338	0.000678005014400904	ril
II	IV	0.000494507800200461	0.0201100892527644	0.00100550446263822	ril
II	V	0.00874932783246057	0.0237040718168644	0.000895929701243404	ril
II	X	0.00113530250360994	0.0248669390879964	0.000982952074434237	ril
III	IV	-0.00398210083281256	0.0254630725064483	0.000948952684007073	ril
III	V	-0.00378026089982925	0.0239838059867349	0.000675667189142408	ril
III	X	-0.00235542783315477	0.0222431745335099	0.000655345814490033	ril
IV	V	0.00273021041460144	0.0236714757804109	0.00089469768686937	ril
IV	X	0.00276156067802492	0.0232914431556603	0.000920675129552828	ril
V	X	0.000587620601956978	0.0221010747160528	0.000660395919941584	ril
