chr	type	mean_intrachrom_pairwise_ld	sem_intrachrom_pairwise_ld
I	ril	0.0490110163876026	0.00567136996782676
II	ril	0.0410873136471261	0.00690973253779469
III	ril	0.060734226317989	0.0040864083642085
IV	ril	0.0096418489978681	0.0074577172245982
V	ril	0.062321345264178	0.00341735958729327
X	ril	0.0418170250617365	0.00437475625995587
